{
    "model_name": "densenet121",
    "config": {
        "img_height": 320,
        "img_width": 320,
        "batch_size": 12,
        "num_classes": 3,
        "class_names": [
            "debut",
            "grave",
            "normal"
        ],
        "initial_epochs": 20,
        "fine_tune_epochs": 30,
        "initial_lr": 0.0001,
        "fine_tune_lr": 2e-05,
        "warmup_epochs": 3,
        "loss_type": "weighted_ce",
        "focal_gamma": 2.0,
        "label_smoothing": 0.1,
        "mixup_alpha": 0.2,
        "use_mixup": true,
        "use_clahe": true,
        "dropout_rate": 0.4,
        "l2_reg": 0.0001,
        "use_cbam": true,
        "head_units": [
            512,
            256
        ],
        "train_dir": "../datasets_split/train/",
        "val_dir": "../datasets_split/val/",
        "test_dir": "../datasets_split/test/",
        "use_tta": true,
        "tta_augmentations": 8,
        "focal_alpha": [
            0.46315682488057724,
            0.9830267303587763,
            1.5538164447606464
        ]
    },
    "classification_report": {
        "debut": {
            "precision": 0.9032258064516129,
            "recall": 0.6222222222222222,
            "f1-score": 0.7368421052631579,
            "support": 135
        },
        "grave": {
            "precision": 0.6756756756756757,
            "recall": 0.78125,
            "f1-score": 0.7246376811594203,
            "support": 64
        },
        "normal": {
            "precision": 0.5205479452054794,
            "recall": 0.926829268292683,
            "f1-score": 0.6666666666666666,
            "support": 41
        },
        "accuracy": 0.7166666666666667,
        "macro avg": {
            "precision": 0.6998164757775892,
            "recall": 0.7767671635049683,
            "f1-score": 0.7093821510297483,
            "support": 240
        },
        "auc_per_class": {
            "debut": 0.899400352733686,
            "grave": 0.9069602272727274,
            "normal": 0.9346733668341708
        },
        "auc_macro": 0.9136779822801947,
        "ci_95": {
            "accuracy": {
                "mean": 0.7167,
                "lower": 0.6625,
                "upper": 0.7708333333333334
            },
            "macro_f1": {
                "mean": 0.7080385680946346,
                "lower": 0.6479563712629745,
                "upper": 0.7650057842420512
            }
        }
    },
    "confusion_matrix": [
        [
            84,
            24,
            27
        ],
        [
            6,
            50,
            8
        ],
        [
            3,
            0,
            38
        ]
    ],
    "macro_f1": 0.7093821510297483,
    "accuracy": 0.7166666666666667,
    "ci_95": {
        "accuracy": {
            "mean": 0.7167,
            "lower": 0.6625,
            "upper": 0.7708333333333334
        },
        "macro_f1": {
            "mean": 0.7080385680946346,
            "lower": 0.6479563712629745,
            "upper": 0.7650057842420512
        }
    },
    "tta_used": true
}