{
  "test_accuracy": 0.8430379629135132,
  "test_loss": 0.10368523001670837,
  "macro_f1": 0.8231759041883703,
  "metrics_by_class": {
    "benign": {
      "precision": 0.8887614678899083,
      "recall": 0.8688340807174888,
      "f1": 0.8786848072562359
    },
    "malignant": {
      "precision": 0.74,
      "recall": 0.8788598574821853,
      "f1": 0.8034744842562432
    },
    "normal": {
      "precision": 0.8990384615384616,
      "recall": 0.700374531835206,
      "f1": 0.7873684210526317
    }
  },
  "config": {
    "data_dir": "../datasets",
    "img_size": [
      224,
      224
    ],
    "batch_size": 16,
    "initial_epochs": 30,
    "fine_tune_epochs": 60,
    "initial_lr": 0.0001,
    "fine_tune_lr": 5e-06,
    "dropout_rate": 0.5,
    "l2_reg": 0.0001
  }
}